input,n_points,np_path,ply_path,status,error
docs/Pruebas_posicion_2/1758208492.275396347.pcd,,data/preprocessed/1758208492.275396347.npy,,skipped,
docs/Pruebas_posicion_2/1758208492.375915289.pcd,12878,data/preprocessed/1758208492.375915289.npy,data/preprocessed/1758208492.375915289.ply,ok,
docs/Pruebas_posicion_2/1758208492.475525379.pcd,12936,data/preprocessed/1758208492.475525379.npy,data/preprocessed/1758208492.475525379.ply,ok,
docs/Pruebas_posicion_2/1758208492.576100349.pcd,12875,data/preprocessed/1758208492.576100349.npy,data/preprocessed/1758208492.576100349.ply,ok,
docs/Pruebas_posicion_2/1758208492.675913334.pcd,12877,data/preprocessed/1758208492.675913334.npy,data/preprocessed/1758208492.675913334.ply,ok,
docs/Pruebas_posicion_2/1758208492.976199389.pcd,12805,data/preprocessed/1758208492.976199389.npy,data/preprocessed/1758208492.976199389.ply,ok,
docs/Pruebas_posicion_2/1758208492.776123285.pcd,13055,data/preprocessed/1758208492.776123285.npy,data/preprocessed/1758208492.776123285.ply,ok,
docs/Pruebas_posicion_2/1758208493.075693369.pcd,12891,data/preprocessed/1758208493.075693369.npy,data/preprocessed/1758208493.075693369.ply,ok,
docs/Pruebas_posicion_2/1758208492.875592232.pcd,12948,data/preprocessed/1758208492.875592232.npy,data/preprocessed/1758208492.875592232.ply,ok,
docs/Pruebas_posicion_2/1758208493.475839376.pcd,12818,data/preprocessed/1758208493.475839376.npy,data/preprocessed/1758208493.475839376.ply,ok,
docs/Pruebas_posicion_2/1758208493.281142235.pcd,12907,data/preprocessed/1758208493.281142235.npy,data/preprocessed/1758208493.281142235.ply,ok,
docs/Pruebas_posicion_2/1758208493.376474380.pcd,13086,data/preprocessed/1758208493.376474380.npy,data/preprocessed/1758208493.376474380.ply,ok,
docs/Pruebas_posicion_2/1758208493.175899267.pcd,12993,data/preprocessed/1758208493.175899267.npy,data/preprocessed/1758208493.175899267.ply,ok,
docs/Pruebas_posicion_2/1758208493.875850201.pcd,13012,data/preprocessed/1758208493.875850201.npy,data/preprocessed/1758208493.875850201.ply,ok,
docs/Pruebas_posicion_2/1758208493.675956249.pcd,12865,data/preprocessed/1758208493.675956249.npy,data/preprocessed/1758208493.675956249.ply,ok,
docs/Pruebas_posicion_2/1758208493.575498343.pcd,12799,data/preprocessed/1758208493.575498343.npy,data/preprocessed/1758208493.575498343.ply,ok,
docs/Pruebas_posicion_2/1758208493.781022310.pcd,13084,data/preprocessed/1758208493.781022310.npy,data/preprocessed/1758208493.781022310.ply,ok,
docs/Pruebas_posicion_2/1758208493.976496220.pcd,13048,data/preprocessed/1758208493.976496220.npy,data/preprocessed/1758208493.976496220.ply,ok,
docs/Pruebas_posicion_2/1758208494.075922251.pcd,13141,data/preprocessed/1758208494.075922251.npy,data/preprocessed/1758208494.075922251.ply,ok,
docs/Pruebas_posicion_2/1758208494.176511288.pcd,12826,data/preprocessed/1758208494.176511288.npy,data/preprocessed/1758208494.176511288.ply,ok,
docs/Pruebas_posicion_2/1758208494.276690245.pcd,13007,data/preprocessed/1758208494.276690245.npy,data/preprocessed/1758208494.276690245.ply,ok,
docs/Pruebas_posicion_2/1758208494.575620174.pcd,12512,data/preprocessed/1758208494.575620174.npy,data/preprocessed/1758208494.575620174.ply,ok,
docs/Pruebas_posicion_2/1758208494.476009369.pcd,12675,data/preprocessed/1758208494.476009369.npy,data/preprocessed/1758208494.476009369.ply,ok,
docs/Pruebas_posicion_2/1758208494.375586271.pcd,12952,data/preprocessed/1758208494.375586271.npy,data/preprocessed/1758208494.375586271.ply,ok,
docs/Pruebas_posicion_2/1758208494.676455259.pcd,12705,data/preprocessed/1758208494.676455259.npy,data/preprocessed/1758208494.676455259.ply,ok,
docs/Pruebas_posicion_2/1758208494.876484156.pcd,12854,data/preprocessed/1758208494.876484156.npy,data/preprocessed/1758208494.876484156.ply,ok,
docs/Pruebas_posicion_2/1758208494.775914192.pcd,12875,data/preprocessed/1758208494.775914192.npy,data/preprocessed/1758208494.775914192.ply,ok,
docs/Pruebas_posicion_2/1758208495.075476170.pcd,12914,data/preprocessed/1758208495.075476170.npy,data/preprocessed/1758208495.075476170.ply,ok,
docs/Pruebas_posicion_2/1758208494.975862265.pcd,12737,data/preprocessed/1758208494.975862265.npy,data/preprocessed/1758208494.975862265.ply,ok,
docs/Pruebas_posicion_2/1758208495.276116371.pcd,12837,data/preprocessed/1758208495.276116371.npy,data/preprocessed/1758208495.276116371.ply,ok,
docs/Pruebas_posicion_2/1758208495.179157257.pcd,12905,data/preprocessed/1758208495.179157257.npy,data/preprocessed/1758208495.179157257.ply,ok,
docs/Pruebas_posicion_2/1758208495.475877285.pcd,13141,data/preprocessed/1758208495.475877285.npy,data/preprocessed/1758208495.475877285.ply,ok,
docs/Pruebas_posicion_2/1758208495.376513243.pcd,12902,data/preprocessed/1758208495.376513243.npy,data/preprocessed/1758208495.376513243.ply,ok,
docs/Pruebas_posicion_2/1758208495.676120281.pcd,12756,data/preprocessed/1758208495.676120281.npy,data/preprocessed/1758208495.676120281.ply,ok,
docs/Pruebas_posicion_2/1758208495.575420380.pcd,12921,data/preprocessed/1758208495.575420380.npy,data/preprocessed/1758208495.575420380.ply,ok,
docs/Pruebas_posicion_2/1758208495.775811195.pcd,12825,data/preprocessed/1758208495.775811195.npy,data/preprocessed/1758208495.775811195.ply,ok,
docs/Pruebas_posicion_2/1758208495.876306295.pcd,12744,data/preprocessed/1758208495.876306295.npy,data/preprocessed/1758208495.876306295.ply,ok,
docs/Pruebas_posicion_2/1758208495.975918293.pcd,12614,data/preprocessed/1758208495.975918293.npy,data/preprocessed/1758208495.975918293.ply,ok,
docs/Pruebas_posicion_2/1758208496.176578283.pcd,12752,data/preprocessed/1758208496.176578283.npy,data/preprocessed/1758208496.176578283.ply,ok,
docs/Pruebas_posicion_2/1758208496.275605202.pcd,12745,data/preprocessed/1758208496.275605202.npy,data/preprocessed/1758208496.275605202.ply,ok,
docs/Pruebas_posicion_2/1758208496.075507164.pcd,12766,data/preprocessed/1758208496.075507164.npy,data/preprocessed/1758208496.075507164.ply,ok,
docs/Pruebas_posicion_2/1758208496.475605249.pcd,12734,data/preprocessed/1758208496.475605249.npy,data/preprocessed/1758208496.475605249.ply,ok,
docs/Pruebas_posicion_2/1758208496.576145172.pcd,12750,data/preprocessed/1758208496.576145172.npy,data/preprocessed/1758208496.576145172.ply,ok,
docs/Pruebas_posicion_2/1758208496.675679207.pcd,12702,data/preprocessed/1758208496.675679207.npy,data/preprocessed/1758208496.675679207.ply,ok,
docs/Pruebas_posicion_2/1758208496.376148224.pcd,12756,data/preprocessed/1758208496.376148224.npy,data/preprocessed/1758208496.376148224.ply,ok,
docs/Pruebas_posicion_2/1758208496.975566387.pcd,12673,data/preprocessed/1758208496.975566387.npy,data/preprocessed/1758208496.975566387.ply,ok,
docs/Pruebas_posicion_2/1758208496.776265383.pcd,12589,data/preprocessed/1758208496.776265383.npy,data/preprocessed/1758208496.776265383.ply,ok,
docs/Pruebas_posicion_2/1758208497.076095343.pcd,12714,data/preprocessed/1758208497.076095343.npy,data/preprocessed/1758208497.076095343.ply,ok,
docs/Pruebas_posicion_2/1758208496.876088381.pcd,12624,data/preprocessed/1758208496.876088381.npy,data/preprocessed/1758208496.876088381.ply,ok,
docs/Pruebas_posicion_2/1758208497.175473213.pcd,12662,data/preprocessed/1758208497.175473213.npy,data/preprocessed/1758208497.175473213.ply,ok,
docs/Pruebas_posicion_2/1758208497.476489305.pcd,12739,data/preprocessed/1758208497.476489305.npy,data/preprocessed/1758208497.476489305.ply,ok,
docs/Pruebas_posicion_2/1758208497.375774384.pcd,12752,data/preprocessed/1758208497.375774384.npy,data/preprocessed/1758208497.375774384.ply,ok,
docs/Pruebas_posicion_2/1758208497.276115179.pcd,12727,data/preprocessed/1758208497.276115179.npy,data/preprocessed/1758208497.276115179.ply,ok,
docs/Pruebas_posicion_2/1758208497.581771374.pcd,12673,data/preprocessed/1758208497.581771374.npy,data/preprocessed/1758208497.581771374.ply,ok,
docs/Pruebas_posicion_2/1758208497.875730276.pcd,12654,data/preprocessed/1758208497.875730276.npy,data/preprocessed/1758208497.875730276.ply,ok,
docs/Pruebas_posicion_2/1758208497.775958300.pcd,12584,data/preprocessed/1758208497.775958300.npy,data/preprocessed/1758208497.775958300.ply,ok,
docs/Pruebas_posicion_2/1758208497.676496267.pcd,12643,data/preprocessed/1758208497.676496267.npy,data/preprocessed/1758208497.676496267.ply,ok,
docs/Pruebas_posicion_2/1758208498.075749159.pcd,12526,data/preprocessed/1758208498.075749159.npy,data/preprocessed/1758208498.075749159.ply,ok,
docs/Pruebas_posicion_2/1758208497.976292372.pcd,12504,data/preprocessed/1758208497.976292372.npy,data/preprocessed/1758208497.976292372.ply,ok,
docs/Pruebas_posicion_2/1758208498.275796175.pcd,12709,data/preprocessed/1758208498.275796175.npy,data/preprocessed/1758208498.275796175.ply,ok,
docs/Pruebas_posicion_2/1758208498.177238226.pcd,12677,data/preprocessed/1758208498.177238226.npy,data/preprocessed/1758208498.177238226.ply,ok,
docs/Pruebas_posicion_2/1758208498.576130390.pcd,12744,data/preprocessed/1758208498.576130390.npy,data/preprocessed/1758208498.576130390.ply,ok,
docs/Pruebas_posicion_2/1758208498.376175165.pcd,12652,data/preprocessed/1758208498.376175165.npy,data/preprocessed/1758208498.376175165.ply,ok,
docs/Pruebas_posicion_2/1758208498.675614357.pcd,12718,data/preprocessed/1758208498.675614357.npy,data/preprocessed/1758208498.675614357.ply,ok,
docs/Pruebas_posicion_2/1758208498.476408243.pcd,12604,data/preprocessed/1758208498.476408243.npy,data/preprocessed/1758208498.476408243.ply,ok,
docs/Pruebas_posicion_2/1758208498.876074314.pcd,12702,data/preprocessed/1758208498.876074314.npy,data/preprocessed/1758208498.876074314.ply,ok,
docs/Pruebas_posicion_2/1758208499.075779200.pcd,12749,data/preprocessed/1758208499.075779200.npy,data/preprocessed/1758208499.075779200.ply,ok,
docs/Pruebas_posicion_2/1758208498.976126194.pcd,12774,data/preprocessed/1758208498.976126194.npy,data/preprocessed/1758208498.976126194.ply,ok,
docs/Pruebas_posicion_2/1758208498.776111364.pcd,12646,data/preprocessed/1758208498.776111364.npy,data/preprocessed/1758208498.776111364.ply,ok,
docs/Pruebas_posicion_2/1758208499.476687193.pcd,12637,data/preprocessed/1758208499.476687193.npy,data/preprocessed/1758208499.476687193.ply,ok,
docs/Pruebas_posicion_2/1758208499.376419306.pcd,12766,data/preprocessed/1758208499.376419306.npy,data/preprocessed/1758208499.376419306.ply,ok,
docs/Pruebas_posicion_2/1758208499.176254272.pcd,12734,data/preprocessed/1758208499.176254272.npy,data/preprocessed/1758208499.176254272.ply,ok,
docs/Pruebas_posicion_2/1758208499.275884390.pcd,12697,data/preprocessed/1758208499.275884390.npy,data/preprocessed/1758208499.275884390.ply,ok,
docs/Pruebas_posicion_2/1758208499.875980377.pcd,12915,data/preprocessed/1758208499.875980377.npy,data/preprocessed/1758208499.875980377.ply,ok,
docs/Pruebas_posicion_2/1758208499.675939322.pcd,12809,data/preprocessed/1758208499.675939322.npy,data/preprocessed/1758208499.675939322.ply,ok,
docs/Pruebas_posicion_2/1758208499.575439215.pcd,12561,data/preprocessed/1758208499.575439215.npy,data/preprocessed/1758208499.575439215.ply,ok,
docs/Pruebas_posicion_2/1758208499.775417328.pcd,12871,data/preprocessed/1758208499.775417328.npy,data/preprocessed/1758208499.775417328.ply,ok,
docs/Pruebas_posicion_2/1758208499.975440264.pcd,12709,data/preprocessed/1758208499.975440264.npy,data/preprocessed/1758208499.975440264.ply,ok,
docs/Pruebas_posicion_2/1758208500.076034307.pcd,12857,data/preprocessed/1758208500.076034307.npy,data/preprocessed/1758208500.076034307.ply,ok,
docs/Pruebas_posicion_2/1758208500.276584387.pcd,12928,data/preprocessed/1758208500.276584387.npy,data/preprocessed/1758208500.276584387.ply,ok,
docs/Pruebas_posicion_2/1758208500.175746202.pcd,13028,data/preprocessed/1758208500.175746202.npy,data/preprocessed/1758208500.175746202.ply,ok,
docs/Pruebas_posicion_2/1758208500.375804186.pcd,12846,data/preprocessed/1758208500.375804186.npy,data/preprocessed/1758208500.375804186.ply,ok,
docs/Pruebas_posicion_2/1758208500.476279259.pcd,12809,data/preprocessed/1758208500.476279259.npy,data/preprocessed/1758208500.476279259.ply,ok,
docs/Pruebas_posicion_2/1758208500.576530218.pcd,12919,data/preprocessed/1758208500.576530218.npy,data/preprocessed/1758208500.576530218.ply,ok,
docs/Pruebas_posicion_2/1758208500.675560236.pcd,12849,data/preprocessed/1758208500.675560236.npy,data/preprocessed/1758208500.675560236.ply,ok,
docs/Pruebas_posicion_2/1758208501.075614214.pcd,12904,data/preprocessed/1758208501.075614214.npy,data/preprocessed/1758208501.075614214.ply,ok,
docs/Pruebas_posicion_2/1758208500.776184320.pcd,12826,data/preprocessed/1758208500.776184320.npy,data/preprocessed/1758208500.776184320.ply,ok,
docs/Pruebas_posicion_2/1758208500.875517368.pcd,12937,data/preprocessed/1758208500.875517368.npy,data/preprocessed/1758208500.875517368.ply,ok,
docs/Pruebas_posicion_2/1758208500.975988388.pcd,12916,data/preprocessed/1758208500.975988388.npy,data/preprocessed/1758208500.975988388.ply,ok,
docs/Pruebas_posicion_2/1758208501.475759268.pcd,12960,data/preprocessed/1758208501.475759268.npy,data/preprocessed/1758208501.475759268.ply,ok,
docs/Pruebas_posicion_2/1758208501.176210165.pcd,12861,data/preprocessed/1758208501.176210165.npy,data/preprocessed/1758208501.176210165.ply,ok,
docs/Pruebas_posicion_2/1758208501.376353264.pcd,13041,data/preprocessed/1758208501.376353264.npy,data/preprocessed/1758208501.376353264.ply,ok,
docs/Pruebas_posicion_2/1758208501.275885344.pcd,13085,data/preprocessed/1758208501.275885344.npy,data/preprocessed/1758208501.275885344.ply,ok,
docs/Pruebas_posicion_2/1758208501.775609255.pcd,12981,data/preprocessed/1758208501.775609255.npy,data/preprocessed/1758208501.775609255.ply,ok,
docs/Pruebas_posicion_2/1758208501.576274157.pcd,13168,data/preprocessed/1758208501.576274157.npy,data/preprocessed/1758208501.576274157.ply,ok,
docs/Pruebas_posicion_2/1758208501.676299334.pcd,13021,data/preprocessed/1758208501.676299334.npy,data/preprocessed/1758208501.676299334.ply,ok,
docs/Pruebas_posicion_2/1758208501.876215219.pcd,13200,data/preprocessed/1758208501.876215219.npy,data/preprocessed/1758208501.876215219.ply,ok,
docs/Pruebas_posicion_2/1758208501.975710392.pcd,13133,data/preprocessed/1758208501.975710392.npy,data/preprocessed/1758208501.975710392.ply,ok,
docs/Pruebas_posicion_2/1758208502.075819254.pcd,13082,data/preprocessed/1758208502.075819254.npy,data/preprocessed/1758208502.075819254.ply,ok,
docs/Pruebas_posicion_2/1758208502.176247358.pcd,13187,data/preprocessed/1758208502.176247358.npy,data/preprocessed/1758208502.176247358.ply,ok,
docs/Pruebas_posicion_2/1758208502.275398254.pcd,13147,data/preprocessed/1758208502.275398254.npy,data/preprocessed/1758208502.275398254.ply,ok,
docs/Pruebas_posicion_2/1758208502.476515293.pcd,13162,data/preprocessed/1758208502.476515293.npy,data/preprocessed/1758208502.476515293.ply,ok,
docs/Pruebas_posicion_2/1758208502.676125288.pcd,13274,data/preprocessed/1758208502.676125288.npy,data/preprocessed/1758208502.676125288.ply,ok,
docs/Pruebas_posicion_2/1758208502.376092196.pcd,13058,data/preprocessed/1758208502.376092196.npy,data/preprocessed/1758208502.376092196.ply,ok,
docs/Pruebas_posicion_2/1758208502.575991392.pcd,13102,data/preprocessed/1758208502.575991392.npy,data/preprocessed/1758208502.575991392.ply,ok,
docs/Pruebas_posicion_2/1758208503.075803280.pcd,13106,data/preprocessed/1758208503.075803280.npy,data/preprocessed/1758208503.075803280.ply,ok,
docs/Pruebas_posicion_2/1758208502.976123333.pcd,13200,data/preprocessed/1758208502.976123333.npy,data/preprocessed/1758208502.976123333.ply,ok,
docs/Pruebas_posicion_2/1758208502.875726223.pcd,13286,data/preprocessed/1758208502.875726223.npy,data/preprocessed/1758208502.875726223.ply,ok,
docs/Pruebas_posicion_2/1758208502.776665211.pcd,13303,data/preprocessed/1758208502.776665211.npy,data/preprocessed/1758208502.776665211.ply,ok,
docs/Pruebas_posicion_2/1758208503.275535345.pcd,13195,data/preprocessed/1758208503.275535345.npy,data/preprocessed/1758208503.275535345.ply,ok,
docs/Pruebas_posicion_2/1758208503.176037312.pcd,13088,data/preprocessed/1758208503.176037312.npy,data/preprocessed/1758208503.176037312.ply,ok,
docs/Pruebas_posicion_2/1758208503.376051188.pcd,13228,data/preprocessed/1758208503.376051188.npy,data/preprocessed/1758208503.376051188.ply,ok,
docs/Pruebas_posicion_2/1758208503.475619316.pcd,13076,data/preprocessed/1758208503.475619316.npy,data/preprocessed/1758208503.475619316.ply,ok,
docs/Pruebas_posicion_2/1758208503.775408268.pcd,13187,data/preprocessed/1758208503.775408268.npy,data/preprocessed/1758208503.775408268.ply,ok,
docs/Pruebas_posicion_2/1758208503.876011372.pcd,13225,data/preprocessed/1758208503.876011372.npy,data/preprocessed/1758208503.876011372.ply,ok,
docs/Pruebas_posicion_2/1758208503.576145172.pcd,13233,data/preprocessed/1758208503.576145172.npy,data/preprocessed/1758208503.576145172.ply,ok,
docs/Pruebas_posicion_2/1758208503.675801277.pcd,13143,data/preprocessed/1758208503.675801277.npy,data/preprocessed/1758208503.675801277.ply,ok,
docs/Pruebas_posicion_2/1758208504.176461220.pcd,13315,data/preprocessed/1758208504.176461220.npy,data/preprocessed/1758208504.176461220.ply,ok,
docs/Pruebas_posicion_2/1758208504.275363207.pcd,13038,data/preprocessed/1758208504.275363207.npy,data/preprocessed/1758208504.275363207.ply,ok,
docs/Pruebas_posicion_2/1758208503.976306200.pcd,13134,data/preprocessed/1758208503.976306200.npy,data/preprocessed/1758208503.976306200.ply,ok,
docs/Pruebas_posicion_2/1758208504.076675177.pcd,13324,data/preprocessed/1758208504.076675177.npy,data/preprocessed/1758208504.076675177.ply,ok,
docs/Pruebas_posicion_2/1758208504.475559235.pcd,13108,data/preprocessed/1758208504.475559235.npy,data/preprocessed/1758208504.475559235.ply,ok,
docs/Pruebas_posicion_2/1758208504.675845385.pcd,13202,data/preprocessed/1758208504.675845385.npy,data/preprocessed/1758208504.675845385.ply,ok,
docs/Pruebas_posicion_2/1758208504.576306343.pcd,13182,data/preprocessed/1758208504.576306343.npy,data/preprocessed/1758208504.576306343.ply,ok,
docs/Pruebas_posicion_2/1758208504.375997305.pcd,13219,data/preprocessed/1758208504.375997305.npy,data/preprocessed/1758208504.375997305.ply,ok,
docs/Pruebas_posicion_2/1758208504.876458168.pcd,13223,data/preprocessed/1758208504.876458168.npy,data/preprocessed/1758208504.876458168.ply,ok,
docs/Pruebas_posicion_2/1758208504.976064205.pcd,13197,data/preprocessed/1758208504.976064205.npy,data/preprocessed/1758208504.976064205.ply,ok,
docs/Pruebas_posicion_2/1758208505.075583220.pcd,13123,data/preprocessed/1758208505.075583220.npy,data/preprocessed/1758208505.075583220.ply,ok,
docs/Pruebas_posicion_2/1758208504.775391340.pcd,13292,data/preprocessed/1758208504.775391340.npy,data/preprocessed/1758208504.775391340.ply,ok,
docs/Pruebas_posicion_2/1758208505.176241159.pcd,13333,data/preprocessed/1758208505.176241159.npy,data/preprocessed/1758208505.176241159.ply,ok,
docs/Pruebas_posicion_2/1758208505.375272274.pcd,13046,data/preprocessed/1758208505.375272274.npy,data/preprocessed/1758208505.375272274.ply,ok,
docs/Pruebas_posicion_2/1758208505.477494240.pcd,12935,data/preprocessed/1758208505.477494240.npy,data/preprocessed/1758208505.477494240.ply,ok,
docs/Pruebas_posicion_2/1758208505.279329300.pcd,13112,data/preprocessed/1758208505.279329300.npy,data/preprocessed/1758208505.279329300.ply,ok,
docs/Pruebas_posicion_2/1758208505.775759220.pcd,12871,data/preprocessed/1758208505.775759220.npy,data/preprocessed/1758208505.775759220.ply,ok,
docs/Pruebas_posicion_2/1758208505.676135302.pcd,12901,data/preprocessed/1758208505.676135302.npy,data/preprocessed/1758208505.676135302.ply,ok,
docs/Pruebas_posicion_2/1758208505.875752211.pcd,12911,data/preprocessed/1758208505.875752211.npy,data/preprocessed/1758208505.875752211.ply,ok,
docs/Pruebas_posicion_2/1758208505.575675249.pcd,12987,data/preprocessed/1758208505.575675249.npy,data/preprocessed/1758208505.575675249.ply,ok,
docs/Pruebas_posicion_2/1758208506.075752258.pcd,12864,data/preprocessed/1758208506.075752258.npy,data/preprocessed/1758208506.075752258.ply,ok,
docs/Pruebas_posicion_2/1758208505.976890326.pcd,12794,data/preprocessed/1758208505.976890326.npy,data/preprocessed/1758208505.976890326.ply,ok,
docs/Pruebas_posicion_2/1758208506.176357269.pcd,12856,data/preprocessed/1758208506.176357269.npy,data/preprocessed/1758208506.176357269.ply,ok,
docs/Pruebas_posicion_2/1758208506.275915384.pcd,12805,data/preprocessed/1758208506.275915384.npy,data/preprocessed/1758208506.275915384.ply,ok,
docs/Pruebas_posicion_2/1758208506.575602293.pcd,13417,data/preprocessed/1758208506.575602293.npy,data/preprocessed/1758208506.575602293.ply,ok,
docs/Pruebas_posicion_2/1758208506.475903273.pcd,12971,data/preprocessed/1758208506.475903273.npy,data/preprocessed/1758208506.475903273.ply,ok,
docs/Pruebas_posicion_2/1758208506.375492334.pcd,12821,data/preprocessed/1758208506.375492334.npy,data/preprocessed/1758208506.375492334.ply,ok,
docs/Pruebas_posicion_2/1758208506.676589251.pcd,13481,data/preprocessed/1758208506.676589251.npy,data/preprocessed/1758208506.676589251.ply,ok,
docs/Pruebas_posicion_2/1758208506.975478172.pcd,13021,data/preprocessed/1758208506.975478172.npy,data/preprocessed/1758208506.975478172.ply,ok,
docs/Pruebas_posicion_2/1758208506.776060343.pcd,13012,data/preprocessed/1758208506.776060343.npy,data/preprocessed/1758208506.776060343.ply,ok,
docs/Pruebas_posicion_2/1758208506.875562191.pcd,13101,data/preprocessed/1758208506.875562191.npy,data/preprocessed/1758208506.875562191.ply,ok,
docs/Pruebas_posicion_2/1758208507.076418161.pcd,12913,data/preprocessed/1758208507.076418161.npy,data/preprocessed/1758208507.076418161.ply,ok,
docs/Pruebas_posicion_2/1758208507.175581217.pcd,12998,data/preprocessed/1758208507.175581217.npy,data/preprocessed/1758208507.175581217.ply,ok,
docs/Pruebas_posicion_2/1758208507.476279259.pcd,12959,data/preprocessed/1758208507.476279259.npy,data/preprocessed/1758208507.476279259.ply,ok,
docs/Pruebas_posicion_2/1758208507.375750303.pcd,13138,data/preprocessed/1758208507.375750303.npy,data/preprocessed/1758208507.375750303.ply,ok,
docs/Pruebas_posicion_2/1758208507.276709318.pcd,13379,data/preprocessed/1758208507.276709318.npy,data/preprocessed/1758208507.276709318.ply,ok,
docs/Pruebas_posicion_2/1758208507.576450348.pcd,12811,data/preprocessed/1758208507.576450348.npy,data/preprocessed/1758208507.576450348.ply,ok,
docs/Pruebas_posicion_2/1758208507.675568342.pcd,12772,data/preprocessed/1758208507.675568342.npy,data/preprocessed/1758208507.675568342.ply,ok,
docs/Pruebas_posicion_2/1758208507.875803232.pcd,12751,data/preprocessed/1758208507.875803232.npy,data/preprocessed/1758208507.875803232.ply,ok,
docs/Pruebas_posicion_2/1758208507.776630163.pcd,12794,data/preprocessed/1758208507.776630163.npy,data/preprocessed/1758208507.776630163.ply,ok,
docs/Pruebas_posicion_2/1758208507.975704193.pcd,12752,data/preprocessed/1758208507.975704193.npy,data/preprocessed/1758208507.975704193.ply,ok,
